filmId,personId,role,character,billing
film-001,person-001,Director,,1
film-001,person-043,Producer,,2
film-001,person-044,Cinematography,,3
film-001,person-045,Editing,,4
film-002,person-002,Director,,1
film-002,person-050,Cinematography,,2
film-002,person-051,Editing,,3
film-002,person-052,Sound Design,,4
film-002,person-053,Music,,5
film-003,person-003,Director,,1
film-003,person-057,Editing,,2
film-003,person-058,Sound Design,,3
film-003,person-059,Music,,4
film-003,person-060,Production Design,,5
film-003,person-061,Producer,,6
film-004,person-004,Director,,1
film-004,person-064,Sound Design,,2
film-004,person-065,Music,,3
film-004,person-066,Production Design,,4
film-005,person-005,Director,,1
film-005,person-071,Music,,2
film-005,person-072,Production Design,,3
film-005,person-073,Producer,,4
film-005,person-074,Cinematography,,5
film-006,person-006,Director,,1
film-006,person-078,Production Design,,2
film-006,person-079,Producer,,3
film-006,person-080,Cinematography,,4
film-006,person-081,Editing,,5
film-006,person-082,Sound Design,,6
film-007,person-007,Director,,1
film-007,person-085,Producer,,2
film-007,person-086,Cinematography,,3
film-007,person-087,Editing,,4
film-008,person-008,Director,,1
film-008,person-092,Cinematography,,2
film-008,person-093,Editing,,3
film-008,person-094,Sound Design,,4
film-008,person-095,Music,,5
film-009,person-009,Director,,1
film-009,person-099,Editing,,2
film-009,person-100,Sound Design,,3
film-009,person-101,Music,,4
film-009,person-102,Production Design,,5
film-009,person-103,Producer,,6
film-010,person-010,Director,,1
film-010,person-106,Sound Design,,2
film-010,person-107,Music,,3
film-010,person-108,Production Design,,4
film-011,person-011,Director,,1
film-011,person-113,Music,,2
film-011,person-114,Production Design,,3
film-011,person-115,Producer,,4
film-011,person-116,Cinematography,,5
film-012,person-012,Director,,1
film-012,person-120,Production Design,,2
film-012,person-001,Producer,,3
film-012,person-002,Cinematography,,4
film-012,person-003,Editing,,5
film-012,person-004,Sound Design,,6
film-013,person-013,Director,,1
film-013,person-007,Producer,,2
film-013,person-008,Cinematography,,3
film-013,person-009,Editing,,4
film-014,person-014,Director,,1
film-014,person-014,Cinematography,,2
film-014,person-015,Editing,,3
film-014,person-016,Sound Design,,4
film-014,person-017,Music,,5
film-015,person-015,Director,,1
film-015,person-021,Editing,,2
film-015,person-022,Sound Design,,3
film-015,person-023,Music,,4
film-015,person-024,Production Design,,5
film-015,person-025,Producer,,6
film-016,person-016,Director,,1
film-016,person-028,Sound Design,,2
film-016,person-029,Music,,3
film-016,person-030,Production Design,,4
film-017,person-017,Director,,1
film-017,person-035,Music,,2
film-017,person-036,Production Design,,3
film-017,person-037,Producer,,4
film-017,person-038,Cinematography,,5
film-018,person-018,Director,,1
film-018,person-042,Production Design,,2
film-018,person-043,Producer,,3
film-018,person-044,Cinematography,,4
film-018,person-045,Editing,,5
film-018,person-046,Sound Design,,6
film-019,person-019,Director,,1
film-019,person-049,Producer,,2
film-019,person-050,Cinematography,,3
film-019,person-051,Editing,,4
film-020,person-020,Director,,1
film-020,person-056,Cinematography,,2
film-020,person-057,Editing,,3
film-020,person-058,Sound Design,,4
film-020,person-059,Music,,5
film-021,person-021,Director,,1
film-021,person-063,Editing,,2
film-021,person-064,Sound Design,,3
film-021,person-065,Music,,4
film-021,person-066,Production Design,,5
film-021,person-067,Producer,,6
film-022,person-022,Director,,1
film-022,person-070,Sound Design,,2
film-022,person-071,Music,,3
film-022,person-072,Production Design,,4
film-023,person-023,Director,,1
film-023,person-077,Music,,2
film-023,person-078,Production Design,,3
film-023,person-079,Producer,,4
film-023,person-080,Cinematography,,5
film-024,person-024,Director,,1
film-024,person-084,Production Design,,2
film-024,person-085,Producer,,3
film-024,person-086,Cinematography,,4
film-024,person-087,Editing,,5
film-024,person-088,Sound Design,,6
film-025,person-025,Director,,1
film-025,person-091,Producer,,2
film-025,person-092,Cinematography,,3
film-025,person-093,Editing,,4
film-026,person-026,Director,,1
film-026,person-098,Cinematography,,2
film-026,person-099,Editing,,3
film-026,person-100,Sound Design,,4
film-026,person-101,Music,,5
film-027,person-027,Director,,1
film-027,person-105,Editing,,2
film-027,person-106,Sound Design,,3
film-027,person-107,Music,,4
film-027,person-108,Production Design,,5
film-027,person-109,Producer,,6
film-028,person-028,Director,,1
film-028,person-112,Sound Design,,2
film-028,person-113,Music,,3
film-028,person-114,Production Design,,4
film-029,person-029,Director,,1
film-029,person-119,Music,,2
film-029,person-120,Production Design,,3
film-029,person-001,Producer,,4
film-029,person-002,Cinematography,,5
film-030,person-030,Director,,1
film-030,person-006,Production Design,,2
film-030,person-007,Producer,,3
film-030,person-008,Cinematography,,4
film-030,person-009,Editing,,5
film-030,person-010,Sound Design,,6
film-031,person-031,Director,,1
film-031,person-013,Producer,,2
film-031,person-014,Cinematography,,3
film-031,person-015,Editing,,4
film-032,person-032,Director,,1
film-032,person-020,Cinematography,,2
film-032,person-021,Editing,,3
film-032,person-022,Sound Design,,4
film-032,person-023,Music,,5
film-033,person-033,Director,,1
film-033,person-027,Editing,,2
film-033,person-028,Sound Design,,3
film-033,person-029,Music,,4
film-033,person-030,Production Design,,5
film-033,person-031,Producer,,6
film-034,person-034,Director,,1
film-034,person-005,Director,,2
film-034,person-034,Sound Design,,3
film-034,person-035,Music,,4
film-034,person-036,Production Design,,5
film-035,person-035,Director,,1
film-035,person-041,Music,,2
film-035,person-042,Production Design,,3
film-035,person-043,Producer,,4
film-035,person-044,Cinematography,,5
film-036,person-036,Director,,1
film-036,person-048,Production Design,,2
film-036,person-049,Producer,,3
film-036,person-050,Cinematography,,4
film-036,person-051,Editing,,5
film-036,person-052,Sound Design,,6
film-037,person-001,Director,,1
film-037,person-055,Producer,,2
film-037,person-056,Cinematography,,3
film-037,person-057,Editing,,4
film-038,person-002,Director,,1
film-038,person-062,Cinematography,,2
film-038,person-063,Editing,,3
film-038,person-064,Sound Design,,4
film-038,person-065,Music,,5
film-039,person-003,Director,,1
film-039,person-069,Editing,,2
film-039,person-070,Sound Design,,3
film-039,person-071,Music,,4
film-039,person-072,Production Design,,5
film-039,person-073,Producer,,6
film-040,person-004,Director,,1
film-040,person-076,Sound Design,,2
film-040,person-077,Music,,3
film-040,person-078,Production Design,,4
film-041,person-005,Director,,1
film-041,person-083,Music,,2
film-041,person-084,Production Design,,3
film-041,person-085,Producer,,4
film-041,person-086,Cinematography,,5
film-042,person-006,Director,,1
film-042,person-090,Production Design,,2
film-042,person-091,Producer,,3
film-042,person-092,Cinematography,,4
film-042,person-093,Editing,,5
film-042,person-094,Sound Design,,6
film-043,person-007,Director,,1
film-043,person-097,Producer,,2
film-043,person-098,Cinematography,,3
film-043,person-099,Editing,,4
film-044,person-008,Director,,1
film-044,person-104,Cinematography,,2
film-044,person-105,Editing,,3
film-044,person-106,Sound Design,,4
film-044,person-107,Music,,5
film-045,person-009,Director,,1
film-045,person-111,Editing,,2
film-045,person-112,Sound Design,,3
film-045,person-113,Music,,4
film-045,person-114,Production Design,,5
film-045,person-115,Producer,,6
film-046,person-010,Director,,1
film-046,person-118,Sound Design,,2
film-046,person-119,Music,,3
film-046,person-120,Production Design,,4
film-047,person-011,Director,,1
film-047,person-005,Music,,2
film-047,person-006,Production Design,,3
film-047,person-007,Producer,,4
film-047,person-008,Cinematography,,5
film-048,person-012,Director,,1
film-048,person-012,Production Design,,2
film-048,person-013,Producer,,3
film-048,person-014,Cinematography,,4
film-048,person-015,Editing,,5
film-048,person-016,Sound Design,,6
film-049,person-013,Director,,1
film-049,person-019,Producer,,2
film-049,person-020,Cinematography,,3
film-049,person-021,Editing,,4
film-050,person-014,Director,,1
film-050,person-026,Cinematography,,2
film-050,person-027,Editing,,3
film-050,person-028,Sound Design,,4
film-050,person-029,Music,,5
film-051,person-015,Director,,1
film-051,person-022,Director,,2
film-051,person-033,Editing,,3
film-051,person-034,Sound Design,,4
film-051,person-035,Music,,5
film-051,person-036,Production Design,,6
film-051,person-037,Producer,,7
film-052,person-016,Director,,1
film-052,person-040,Sound Design,,2
film-052,person-041,Music,,3
film-052,person-042,Production Design,,4
film-053,person-017,Director,,1
film-053,person-047,Music,,2
film-053,person-048,Production Design,,3
film-053,person-049,Producer,,4
film-053,person-050,Cinematography,,5
film-054,person-018,Director,,1
film-054,person-054,Production Design,,2
film-054,person-055,Producer,,3
film-054,person-056,Cinematography,,4
film-054,person-057,Editing,,5
film-054,person-058,Sound Design,,6
film-055,person-019,Director,,1
film-055,person-061,Producer,,2
film-055,person-062,Cinematography,,3
film-055,person-063,Editing,,4
film-056,person-020,Director,,1
film-056,person-068,Cinematography,,2
film-056,person-069,Editing,,3
film-056,person-070,Sound Design,,4
film-056,person-071,Music,,5
film-057,person-021,Director,,1
film-057,person-075,Editing,,2
film-057,person-076,Sound Design,,3
film-057,person-077,Music,,4
film-057,person-078,Production Design,,5
film-057,person-079,Producer,,6
film-058,person-022,Director,,1
film-058,person-082,Sound Design,,2
film-058,person-083,Music,,3
film-058,person-084,Production Design,,4
film-059,person-023,Director,,1
film-059,person-089,Music,,2
film-059,person-090,Production Design,,3
film-059,person-091,Producer,,4
film-059,person-092,Cinematography,,5
film-060,person-024,Director,,1
film-060,person-096,Production Design,,2
film-060,person-097,Producer,,3
film-060,person-098,Cinematography,,4
film-060,person-099,Editing,,5
film-060,person-100,Sound Design,,6
film-061,person-025,Director,,1
film-061,person-103,Producer,,2
film-061,person-104,Cinematography,,3
film-061,person-105,Editing,,4
film-062,person-026,Director,,1
film-062,person-110,Cinematography,,2
film-062,person-111,Editing,,3
film-062,person-112,Sound Design,,4
film-062,person-113,Music,,5
film-063,person-027,Director,,1
film-063,person-117,Editing,,2
film-063,person-118,Sound Design,,3
film-063,person-119,Music,,4
film-063,person-120,Production Design,,5
film-063,person-001,Producer,,6
film-064,person-028,Director,,1
film-064,person-004,Sound Design,,2
film-064,person-005,Music,,3
film-064,person-006,Production Design,,4
film-065,person-029,Director,,1
film-065,person-011,Music,,2
film-065,person-012,Production Design,,3
film-065,person-013,Producer,,4
film-065,person-014,Cinematography,,5
film-066,person-030,Director,,1
film-066,person-018,Production Design,,2
film-066,person-019,Producer,,3
film-066,person-020,Cinematography,,4
film-066,person-021,Editing,,5
film-066,person-022,Sound Design,,6
film-067,person-031,Director,,1
film-067,person-025,Producer,,2
film-067,person-026,Cinematography,,3
film-067,person-027,Editing,,4
film-068,person-032,Director,,1
film-068,person-003,Director,,2
film-068,person-032,Cinematography,,3
film-068,person-033,Editing,,4
film-068,person-034,Sound Design,,5
film-068,person-035,Music,,6
film-069,person-033,Director,,1
film-069,person-039,Editing,,2
film-069,person-040,Sound Design,,3
film-069,person-041,Music,,4
film-069,person-042,Production Design,,5
film-069,person-043,Producer,,6
film-070,person-034,Director,,1
film-070,person-046,Sound Design,,2
film-070,person-047,Music,,3
film-070,person-048,Production Design,,4
film-071,person-035,Director,,1
film-071,person-053,Music,,2
film-071,person-054,Production Design,,3
film-071,person-055,Producer,,4
film-071,person-056,Cinematography,,5
film-072,person-036,Director,,1
film-072,person-060,Production Design,,2
film-072,person-061,Producer,,3
film-072,person-062,Cinematography,,4
film-072,person-063,Editing,,5
film-072,person-064,Sound Design,,6
film-073,person-001,Director,,1
film-073,person-067,Producer,,2
film-073,person-068,Cinematography,,3
film-073,person-069,Editing,,4
film-074,person-002,Director,,1
film-074,person-074,Cinematography,,2
film-074,person-075,Editing,,3
film-074,person-076,Sound Design,,4
film-074,person-077,Music,,5
film-075,person-003,Director,,1
film-075,person-081,Editing,,2
film-075,person-082,Sound Design,,3
film-075,person-083,Music,,4
film-075,person-084,Production Design,,5
film-075,person-085,Producer,,6
film-076,person-004,Director,,1
film-076,person-088,Sound Design,,2
film-076,person-089,Music,,3
film-076,person-090,Production Design,,4
film-077,person-005,Director,,1
film-077,person-095,Music,,2
film-077,person-096,Production Design,,3
film-077,person-097,Producer,,4
film-077,person-098,Cinematography,,5
film-078,person-006,Director,,1
film-078,person-102,Production Design,,2
film-078,person-103,Producer,,3
film-078,person-104,Cinematography,,4
film-078,person-105,Editing,,5
film-078,person-106,Sound Design,,6
film-079,person-007,Director,,1
film-079,person-109,Producer,,2
film-079,person-110,Cinematography,,3
film-079,person-111,Editing,,4
film-080,person-008,Director,,1
film-080,person-116,Cinematography,,2
film-080,person-117,Editing,,3
film-080,person-118,Sound Design,,4
film-080,person-119,Music,,5
film-081,person-009,Director,,1
film-081,person-003,Editing,,2
film-081,person-004,Sound Design,,3
film-081,person-005,Music,,4
film-081,person-006,Production Design,,5
film-081,person-007,Producer,,6
film-082,person-010,Director,,1
film-082,person-010,Sound Design,,2
film-082,person-011,Music,,3
film-082,person-012,Production Design,,4
film-083,person-011,Director,,1
film-083,person-017,Music,,2
film-083,person-018,Production Design,,3
film-083,person-019,Producer,,4
film-083,person-020,Cinematography,,5
film-084,person-012,Director,,1
film-084,person-024,Production Design,,2
film-084,person-025,Producer,,3
film-084,person-026,Cinematography,,4
film-084,person-027,Editing,,5
film-084,person-028,Sound Design,,6
film-085,person-013,Director,,1
film-085,person-020,Director,,2
film-085,person-031,Producer,,3
film-085,person-032,Cinematography,,4
film-085,person-033,Editing,,5
film-086,person-014,Director,,1
film-086,person-038,Cinematography,,2
film-086,person-039,Editing,,3
film-086,person-040,Sound Design,,4
film-086,person-041,Music,,5
film-087,person-015,Director,,1
film-087,person-045,Editing,,2
film-087,person-046,Sound Design,,3
film-087,person-047,Music,,4
film-087,person-048,Production Design,,5
film-087,person-049,Producer,,6
film-088,person-016,Director,,1
film-088,person-052,Sound Design,,2
film-088,person-053,Music,,3
film-088,person-054,Production Design,,4
film-089,person-017,Director,,1
film-089,person-059,Music,,2
film-089,person-060,Production Design,,3
film-089,person-061,Producer,,4
film-089,person-062,Cinematography,,5
film-090,person-018,Director,,1
film-090,person-066,Production Design,,2
film-090,person-067,Producer,,3
film-090,person-068,Cinematography,,4
film-090,person-069,Editing,,5
film-090,person-070,Sound Design,,6
film-091,person-019,Director,,1
film-091,person-073,Producer,,2
film-091,person-074,Cinematography,,3
film-091,person-075,Editing,,4
film-092,person-020,Director,,1
film-092,person-080,Cinematography,,2
film-092,person-081,Editing,,3
film-092,person-082,Sound Design,,4
film-092,person-083,Music,,5
film-093,person-021,Director,,1
film-093,person-087,Editing,,2
film-093,person-088,Sound Design,,3
film-093,person-089,Music,,4
film-093,person-090,Production Design,,5
film-093,person-091,Producer,,6
film-094,person-022,Director,,1
film-094,person-094,Sound Design,,2
film-094,person-095,Music,,3
film-094,person-096,Production Design,,4
film-095,person-023,Director,,1
film-095,person-101,Music,,2
film-095,person-102,Production Design,,3
film-095,person-103,Producer,,4
film-095,person-104,Cinematography,,5
film-096,person-024,Director,,1
film-096,person-108,Production Design,,2
film-096,person-109,Producer,,3
film-096,person-110,Cinematography,,4
film-096,person-111,Editing,,5
film-096,person-112,Sound Design,,6
film-097,person-025,Director,,1
film-097,person-115,Producer,,2
film-097,person-116,Cinematography,,3
film-097,person-117,Editing,,4
film-098,person-026,Director,,1
film-098,person-002,Cinematography,,2
film-098,person-003,Editing,,3
film-098,person-004,Sound Design,,4
film-098,person-005,Music,,5
film-099,person-027,Director,,1
film-099,person-009,Editing,,2
film-099,person-010,Sound Design,,3
film-099,person-011,Music,,4
film-099,person-012,Production Design,,5
film-099,person-013,Producer,,6
film-100,person-028,Director,,1
film-100,person-016,Sound Design,,2
film-100,person-017,Music,,3
film-100,person-018,Production Design,,4
film-101,person-029,Director,,1
film-101,person-023,Music,,2
film-101,person-024,Production Design,,3
film-101,person-025,Producer,,4
film-101,person-026,Cinematography,,5
film-102,person-030,Director,,1
film-102,person-001,Director,,2
film-102,person-030,Production Design,,3
film-102,person-031,Producer,,4
film-102,person-032,Cinematography,,5
film-102,person-033,Editing,,6
film-102,person-034,Sound Design,,7
film-103,person-031,Director,,1
film-103,person-037,Producer,,2
film-103,person-038,Cinematography,,3
film-103,person-039,Editing,,4
film-104,person-032,Director,,1
film-104,person-044,Cinematography,,2
film-104,person-045,Editing,,3
film-104,person-046,Sound Design,,4
film-104,person-047,Music,,5
film-105,person-033,Director,,1
film-105,person-051,Editing,,2
film-105,person-052,Sound Design,,3
film-105,person-053,Music,,4
film-105,person-054,Production Design,,5
film-105,person-055,Producer,,6
film-106,person-034,Director,,1
film-106,person-058,Sound Design,,2
film-106,person-059,Music,,3
film-106,person-060,Production Design,,4
film-107,person-035,Director,,1
film-107,person-065,Music,,2
film-107,person-066,Production Design,,3
film-107,person-067,Producer,,4
film-107,person-068,Cinematography,,5
film-108,person-036,Director,,1
film-108,person-072,Production Design,,2
film-108,person-073,Producer,,3
film-108,person-074,Cinematography,,4
film-108,person-075,Editing,,5
film-108,person-076,Sound Design,,6
film-109,person-001,Director,,1
film-109,person-079,Producer,,2
film-109,person-080,Cinematography,,3
film-109,person-081,Editing,,4
film-110,person-002,Director,,1
film-110,person-086,Cinematography,,2
film-110,person-087,Editing,,3
film-110,person-088,Sound Design,,4
film-110,person-089,Music,,5
film-111,person-003,Director,,1
film-111,person-093,Editing,,2
film-111,person-094,Sound Design,,3
film-111,person-095,Music,,4
film-111,person-096,Production Design,,5
film-111,person-097,Producer,,6
film-112,person-004,Director,,1
film-112,person-100,Sound Design,,2
film-112,person-101,Music,,3
film-112,person-102,Production Design,,4
film-113,person-005,Director,,1
film-113,person-107,Music,,2
film-113,person-108,Production Design,,3
film-113,person-109,Producer,,4
film-113,person-110,Cinematography,,5
film-114,person-006,Director,,1
film-114,person-114,Production Design,,2
film-114,person-115,Producer,,3
film-114,person-116,Cinematography,,4
film-114,person-117,Editing,,5
film-114,person-118,Sound Design,,6
film-115,person-007,Director,,1
film-115,person-001,Producer,,2
film-115,person-002,Cinematography,,3
film-115,person-003,Editing,,4
film-116,person-008,Director,,1
film-116,person-008,Cinematography,,2
film-116,person-009,Editing,,3
film-116,person-010,Sound Design,,4
film-116,person-011,Music,,5
film-117,person-009,Director,,1
film-117,person-015,Editing,,2
film-117,person-016,Sound Design,,3
film-117,person-017,Music,,4
film-117,person-018,Production Design,,5
film-117,person-019,Producer,,6
film-118,person-010,Director,,1
film-118,person-022,Sound Design,,2
film-118,person-023,Music,,3
film-118,person-024,Production Design,,4
film-119,person-011,Director,,1
film-119,person-018,Director,,2
film-119,person-029,Music,,3
film-119,person-030,Production Design,,4
film-119,person-031,Producer,,5
film-119,person-032,Cinematography,,6
film-120,person-012,Director,,1
film-120,person-036,Production Design,,2
film-120,person-037,Producer,,3
film-120,person-038,Cinematography,,4
film-120,person-039,Editing,,5
film-120,person-040,Sound Design,,6
film-121,person-013,Director,,1
film-121,person-043,Producer,,2
film-121,person-044,Cinematography,,3
film-121,person-045,Editing,,4
film-122,person-014,Director,,1
film-122,person-050,Cinematography,,2
film-122,person-051,Editing,,3
film-122,person-052,Sound Design,,4
film-122,person-053,Music,,5
film-123,person-015,Director,,1
film-123,person-057,Editing,,2
film-123,person-058,Sound Design,,3
film-123,person-059,Music,,4
film-123,person-060,Production Design,,5
film-123,person-061,Producer,,6
film-124,person-016,Director,,1
film-124,person-064,Sound Design,,2
film-124,person-065,Music,,3
film-124,person-066,Production Design,,4
film-125,person-017,Director,,1
film-125,person-071,Music,,2
film-125,person-072,Production Design,,3
film-125,person-073,Producer,,4
film-125,person-074,Cinematography,,5
film-126,person-018,Director,,1
film-126,person-078,Production Design,,2
film-126,person-079,Producer,,3
film-126,person-080,Cinematography,,4
film-126,person-081,Editing,,5
film-126,person-082,Sound Design,,6
film-127,person-019,Director,,1
film-127,person-085,Producer,,2
film-127,person-086,Cinematography,,3
film-127,person-087,Editing,,4
film-128,person-020,Director,,1
film-128,person-092,Cinematography,,2
film-128,person-093,Editing,,3
film-128,person-094,Sound Design,,4
film-128,person-095,Music,,5
film-129,person-021,Director,,1
film-129,person-099,Editing,,2
film-129,person-100,Sound Design,,3
film-129,person-101,Music,,4
film-129,person-102,Production Design,,5
film-129,person-103,Producer,,6
film-130,person-022,Director,,1
film-130,person-106,Sound Design,,2
film-130,person-107,Music,,3
film-130,person-108,Production Design,,4
film-131,person-023,Director,,1
film-131,person-113,Music,,2
film-131,person-114,Production Design,,3
film-131,person-115,Producer,,4
film-131,person-116,Cinematography,,5
film-132,person-024,Director,,1
film-132,person-120,Production Design,,2
film-132,person-001,Producer,,3
film-132,person-002,Cinematography,,4
film-132,person-003,Editing,,5
film-132,person-004,Sound Design,,6
film-133,person-025,Director,,1
film-133,person-007,Producer,,2
film-133,person-008,Cinematography,,3
film-133,person-009,Editing,,4
film-134,person-026,Director,,1
film-134,person-014,Cinematography,,2
film-134,person-015,Editing,,3
film-134,person-016,Sound Design,,4
film-134,person-017,Music,,5
film-135,person-027,Director,,1
film-135,person-021,Editing,,2
film-135,person-022,Sound Design,,3
film-135,person-023,Music,,4
film-135,person-024,Production Design,,5
film-135,person-025,Producer,,6
film-136,person-028,Director,,1
film-136,person-035,Director,,2
film-136,person-028,Sound Design,,3
film-136,person-029,Music,,4
film-136,person-030,Production Design,,5
film-137,person-029,Director,,1
film-137,person-035,Music,,2
film-137,person-036,Production Design,,3
film-137,person-037,Producer,,4
film-137,person-038,Cinematography,,5
film-138,person-030,Director,,1
film-138,person-042,Production Design,,2
film-138,person-043,Producer,,3
film-138,person-044,Cinematography,,4
film-138,person-045,Editing,,5
film-138,person-046,Sound Design,,6
film-139,person-031,Director,,1
film-139,person-049,Producer,,2
film-139,person-050,Cinematography,,3
film-139,person-051,Editing,,4
film-140,person-032,Director,,1
film-140,person-056,Cinematography,,2
film-140,person-057,Editing,,3
film-140,person-058,Sound Design,,4
film-140,person-059,Music,,5
film-141,person-033,Director,,1
film-141,person-063,Editing,,2
film-141,person-064,Sound Design,,3
film-141,person-065,Music,,4
film-141,person-066,Production Design,,5
film-141,person-067,Producer,,6
film-142,person-034,Director,,1
film-142,person-070,Sound Design,,2
film-142,person-071,Music,,3
film-142,person-072,Production Design,,4
film-143,person-035,Director,,1
film-143,person-077,Music,,2
film-143,person-078,Production Design,,3
film-143,person-079,Producer,,4
film-143,person-080,Cinematography,,5
film-144,person-036,Director,,1
film-144,person-084,Production Design,,2
film-144,person-085,Producer,,3
film-144,person-086,Cinematography,,4
film-144,person-087,Editing,,5
film-144,person-088,Sound Design,,6
film-145,person-001,Director,,1
film-145,person-091,Producer,,2
film-145,person-092,Cinematography,,3
film-145,person-093,Editing,,4
film-146,person-002,Director,,1
film-146,person-098,Cinematography,,2
film-146,person-099,Editing,,3
film-146,person-100,Sound Design,,4
film-146,person-101,Music,,5
film-147,person-003,Director,,1
film-147,person-105,Editing,,2
film-147,person-106,Sound Design,,3
film-147,person-107,Music,,4
film-147,person-108,Production Design,,5
film-147,person-109,Producer,,6
film-148,person-004,Director,,1
film-148,person-112,Sound Design,,2
film-148,person-113,Music,,3
film-148,person-114,Production Design,,4
film-149,person-005,Director,,1
film-149,person-119,Music,,2
film-149,person-120,Production Design,,3
film-149,person-001,Producer,,4
film-149,person-002,Cinematography,,5
film-150,person-006,Director,,1
film-150,person-006,Production Design,,2
film-150,person-007,Producer,,3
film-150,person-008,Cinematography,,4
film-150,person-009,Editing,,5
film-150,person-010,Sound Design,,6
film-151,person-007,Director,,1
film-151,person-013,Producer,,2
film-151,person-014,Cinematography,,3
film-151,person-015,Editing,,4
film-152,person-008,Director,,1
film-152,person-020,Cinematography,,2
film-152,person-021,Editing,,3
film-152,person-022,Sound Design,,4
film-152,person-023,Music,,5
film-153,person-009,Director,,1
film-153,person-016,Director,,2
film-153,person-027,Editing,,3
film-153,person-028,Sound Design,,4
film-153,person-029,Music,,5
film-153,person-030,Production Design,,6
film-153,person-031,Producer,,7
film-154,person-010,Director,,1
film-154,person-034,Sound Design,,2
film-154,person-035,Music,,3
film-154,person-036,Production Design,,4
film-155,person-011,Director,,1
film-155,person-041,Music,,2
film-155,person-042,Production Design,,3
film-155,person-043,Producer,,4
film-155,person-044,Cinematography,,5
film-156,person-012,Director,,1
film-156,person-048,Production Design,,2
film-156,person-049,Producer,,3
film-156,person-050,Cinematography,,4
film-156,person-051,Editing,,5
film-156,person-052,Sound Design,,6
film-157,person-013,Director,,1
film-157,person-055,Producer,,2
film-157,person-056,Cinematography,,3
film-157,person-057,Editing,,4
film-158,person-014,Director,,1
film-158,person-062,Cinematography,,2
film-158,person-063,Editing,,3
film-158,person-064,Sound Design,,4
film-158,person-065,Music,,5
film-159,person-015,Director,,1
film-159,person-069,Editing,,2
film-159,person-070,Sound Design,,3
film-159,person-071,Music,,4
film-159,person-072,Production Design,,5
film-159,person-073,Producer,,6
film-160,person-016,Director,,1
film-160,person-076,Sound Design,,2
film-160,person-077,Music,,3
film-160,person-078,Production Design,,4
film-161,person-017,Director,,1
film-161,person-083,Music,,2
film-161,person-084,Production Design,,3
film-161,person-085,Producer,,4
film-161,person-086,Cinematography,,5
film-162,person-018,Director,,1
film-162,person-090,Production Design,,2
film-162,person-091,Producer,,3
film-162,person-092,Cinematography,,4
film-162,person-093,Editing,,5
film-162,person-094,Sound Design,,6
film-163,person-019,Director,,1
film-163,person-097,Producer,,2
film-163,person-098,Cinematography,,3
film-163,person-099,Editing,,4
film-164,person-020,Director,,1
film-164,person-104,Cinematography,,2
film-164,person-105,Editing,,3
film-164,person-106,Sound Design,,4
film-164,person-107,Music,,5
film-165,person-021,Director,,1
film-165,person-111,Editing,,2
film-165,person-112,Sound Design,,3
film-165,person-113,Music,,4
film-165,person-114,Production Design,,5
film-165,person-115,Producer,,6
film-166,person-022,Director,,1
film-166,person-118,Sound Design,,2
film-166,person-119,Music,,3
film-166,person-120,Production Design,,4
film-167,person-023,Director,,1
film-167,person-005,Music,,2
film-167,person-006,Production Design,,3
film-167,person-007,Producer,,4
film-167,person-008,Cinematography,,5
film-168,person-024,Director,,1
film-168,person-012,Production Design,,2
film-168,person-013,Producer,,3
film-168,person-014,Cinematography,,4
film-168,person-015,Editing,,5
film-168,person-016,Sound Design,,6
film-169,person-025,Director,,1
film-169,person-019,Producer,,2
film-169,person-020,Cinematography,,3
film-169,person-021,Editing,,4
film-170,person-026,Director,,1
film-170,person-033,Director,,2
film-170,person-026,Cinematography,,3
film-170,person-027,Editing,,4
film-170,person-028,Sound Design,,5
film-170,person-029,Music,,6
film-171,person-027,Director,,1
film-171,person-033,Editing,,2
film-171,person-034,Sound Design,,3
film-171,person-035,Music,,4
film-171,person-036,Production Design,,5
film-171,person-037,Producer,,6
film-172,person-028,Director,,1
film-172,person-040,Sound Design,,2
film-172,person-041,Music,,3
film-172,person-042,Production Design,,4
film-173,person-029,Director,,1
film-173,person-047,Music,,2
film-173,person-048,Production Design,,3
film-173,person-049,Producer,,4
film-173,person-050,Cinematography,,5
film-174,person-030,Director,,1
film-174,person-054,Production Design,,2
film-174,person-055,Producer,,3
film-174,person-056,Cinematography,,4
film-174,person-057,Editing,,5
film-174,person-058,Sound Design,,6
film-175,person-031,Director,,1
film-175,person-061,Producer,,2
film-175,person-062,Cinematography,,3
film-175,person-063,Editing,,4
film-176,person-032,Director,,1
film-176,person-068,Cinematography,,2
film-176,person-069,Editing,,3
film-176,person-070,Sound Design,,4
film-176,person-071,Music,,5
film-177,person-033,Director,,1
film-177,person-075,Editing,,2
film-177,person-076,Sound Design,,3
film-177,person-077,Music,,4
film-177,person-078,Production Design,,5
film-177,person-079,Producer,,6
film-178,person-034,Director,,1
film-178,person-082,Sound Design,,2
film-178,person-083,Music,,3
film-178,person-084,Production Design,,4
film-179,person-035,Director,,1
film-179,person-089,Music,,2
film-179,person-090,Production Design,,3
film-179,person-091,Producer,,4
film-179,person-092,Cinematography,,5
film-180,person-036,Director,,1
film-180,person-096,Production Design,,2
film-180,person-097,Producer,,3
film-180,person-098,Cinematography,,4
film-180,person-099,Editing,,5
film-180,person-100,Sound Design,,6
